post,targetMinority,targetCategory,targetStereotype,whoTarget,intentYN,sexYN,offensiveYN,dataSource,hasBiasedImplication,socialContextGPT3,socialContextGPT3logprob
"What do you call an older woman who fucks younger guys? A cougar 
What do you call an older man who fucks younger guys?
A Nittany Lion","[""rape victims""]","[""victim""]","[""trivializes harm to victims""]",1.0,1.0,0.0,1.0,r/darkjokes,0, Penn State University,-6.8453216885699995
guys i'm at a school play and one of my friends looks so hot but he's a boy and also gay this is. a crisis,[],[],[],,0.11,0.0,0.0,t/founta,1," school, teenage years",-13.169645260000001
what about it. that 's exactly what I said and I meant every word he thought I might and that was enough and with you two talking behind my back like some jew what do you expect me to say have a nice life .,"[""jewish folks""]","[""culture""]","[""jewish people bicker"", ""jewish people can't be trusted"", ""jews are untrustworthy"", ""jews talk behind people's backs""]",1.0,1.0,0.0,1.0,Stormfront,0," speaker is being attacked by two people, one of whom is Jewish, and is responding with an antisemitic remark",-7.64777975999
"Don't get too extreme, okay? We don't want you all to be prostitutes... Or transgender.","[""trans women""]","[""gender""]","[""being trans is bad"", ""transgenders are prostitutes""]",1.0,0.66,0.0,1.0,redditMicroagressions,0," conversation between parents and children, where one or more of the children are not cisgender",-17.607902474819
Your history teacher has to do what the zionist butt heads want them to do .,[],[],[],0.0,0.6666666666666666,0.0,0.6666666666666666,Stormfront,1, A person of color speaking to another person of color about the struggles they face in the education system.,-14.7093412140179
It has to happen this weekend. Please come outside the house and show yourself so I/you can say it to your/my face. &#127802;‚Å∂&#78163;,[],[],[],,0.0,0.0,0.0,t/founta,1, person is being harassed and threatened,-7.933928590000001
People say they don't want their money going to Planned Parenthood yet they buy GS cookies üòï,[],[],[],0.0,0.5499999999999999,0.0,0.6666666666666666,Gab,1, Planned Parenthood is a women's health clinic that also provides abortions. Girl Scouts cookies are a popular fundraiser for the organization.,-16.604405304860002
"So since the admins don't ever do shit about brigades against this sub, doesn't that give us every right to return the favor against the offending subs?",[],[],[],0.0,0.22,0.0,0.3333333333333333,r/Incels,1, A subreddit discussing the ethics of brigading other subreddits,-15.256647393400002
I DON'T LIKE TWEETING ABOUT POLITICS BUT I FUCKING HATE TRUMP,[],[],[],0.0,1.0,0.0,1.0,t/founta,1, Person is probably tweeting about politics,-8.280284
"If you have gynocomastia(bitch tits), it's over","[""gay men, trans men, bisexual men""]","[""gender""]","[""develop breasts"", ""get fat""]",1.0,0.66,0.5,0.5,r/Incels,0," guy to guy, locker room",-7.3434140793000005
"German girls are kind of annoying in bed..... like stop shouting out your age loudly, it's really turning me off","[""assault victims""]","[""victim""]","[""makes light of rape""]",1.0,0.0,1.0,1.0,r/darkjokes,0, two men in a conversation about women,-4.363800976
What‚Äôs the hardest part about eating vegetables? The wheelchair,"[""mentally disabled folks"", ""physically disabled folks""]","[""disabled""]","[""disabled folks are useless"", ""disabled folks are vegetables"", ""disabled people are objects"", ""disabled people are vegetables"", ""mentally disabled folks are objects/less than human"", ""mentally disabled folks are stupid""]",1.0,1.0,0.0,1.0,r/darkjokes,0, A person with a disability is talking to a person without a disability,-8.353991925307
Dark jokes are like a kid with cancer They never get old,"[""folks with physical illness/disorder""]","[""disabled""]","[""kids with cancer are not worthy"", ""kids with cancer die""]",1.0,1.0,0.0,1.0,r/darkjokes,0," Two friends, likely white, making a dark joke about a serious issue",-9.4888814768
"They should make all know about this book his friends as that they know like are the things , we need that all the whites know like they are the things and the Jewish threat and negroid on our race .","[""black folks"", ""jewish folks""]","[""culture"", ""race""]","[""blacks are a danger to whites"", ""blacks are a threat to whites"", ""jewish people are a threat to the white race"", ""jewish people are dangerous""]",1.0,1.0,0.0,1.0,Stormfront,0, This statement was most likely made by a white supremacist,-15.12792039931
"Hell yuhh they hit haha s/o ma nigga,
gmula! Cheweing one takes a chug, then sniffey","[""black folks""]","[""race""]","[""derogatory term used"", ""not intelligent""]",1.0,1.0,0.0,1.0,t/davidson,0,,-4.8532885865
"(posting here because AskMensRights seems dead) What are MRA's thoughts on ""The Will to Change"" by bell hooks?",[],[],[],,0.22,0.0,0.0,r/MensRights,1, A book about feminism,-9.2347825036
"Do you know why youtube rewind is so bad? They only had one ""shooting""",[],[],[],0.0,0.4433333333333333,0.0,0.3333333333333333,r/darkjokes,1," in the context of other complaints about youtube rewind, this statement is about the lack of representation of black people in the rewind",-21.4196116965137
"Although to now there is no evidence of an order to kill all Jews , but see above and you can see there were orders to exterminate Bolsheviks , Jews , commissars , etc .","[""jewish folks""]","[""culture""]","[""jewish attacks were not real"", ""the holocaust was a fake""]",1.0,1.0,0.0,1.0,Stormfront,0, Conversation between two white people about extermination of different groups of people,-12.706953747740002
well today turned out to be a real fucking shitshow,[],[],[],,0.0,0.0,0.0,t/founta,1, speaker is probably white and talking to another white person,-16.51474165094
The teacher took away my fidget spinner... so I decided to start spinning my Single Action Army instead.,"[""mass shooting victims""]","[""victim""]","[""trivializes harm to victims""]",1.0,1.0,0.0,1.0,r/darkjokes,0, Classroom,-7.311282470549839
why did jews do so well in class ? they went to concentration camps,"[""jewish folks""]","[""culture""]","[""jewish folks aren't smart"", ""jewish people went into concentration camps"", ""jewish people were good at school"", ""trivializes the holocaust""]",1.0,1.0,0.0,1.0,r/meanjokes,0, A white person making a racist statement about Jews,-9.315323827
My basement is like a multiplayer lobby Both filled with screaming children,"[""children""]","[""body""]","[""children are abused"", ""children are kidnapped""]",1.0,0.66,0.0,0.5,r/darkjokes,0, Likely said by a parent,-6.236247876999999
What‚Äôs the difference between Jesus and a painting? It only tales one nail to put up a painting,"[""christian folks""]","[""culture""]","[""he means nothing"", ""jesus is worthless""]",0.0,1.0,0.0,1.0,r/darkjokes,0, A religious person making a joke about how Jesus is the only perfect one,-8.6650904322
"I mean, I can tell you have some black in you.","[""black folks""]","[""race""]","[""???"", ""black people look the same"", ""i don't know, this could be good or bad"", ""you can tell a person's race by looking""]",1.0,0.8300000000000001,0.0,0.75,redditMicroagressions,0, Said to a person of color by a white person,-7.702004595179001
Why is it that rappers can say ‚Äúfuck yo grandma‚Äù But when I say ‚Äúfuck yo newborn‚Äù everybody goes crazy,[],[],[],0.0,0.7733333333333334,0.0,0.8333333333333334,r/darkjokes,1, rap lyrics,-7.420081956700001
What's the difference between Gonorrhea and Chlamydia? The taste.,[],[],[],0.0,0.6633333333333334,0.3333333333333333,0.6666666666666666,r/darkjokes,1, A person talking to their friends about sex,-16.852204674739998
immigrants are desperate to stay here. who can blame them ? our government treats them as lords and we as muck. welcome to SFI Pluirin !,"[""immigrants""]","[""culture""]","[""immigrants are bad"", ""immigrants are desperate""]",1.0,1.0,0.0,1.0,Stormfront,0, a satirical website,-9.331410023084
what ethnicity does pac - man hate the most ? pakistanis .,"[""Pakistanis""]","[""race""]","[""people hate pakistan"", ""people hate the middle east""]",1.0,0.66,0.0,1.0,r/meanjokes,0,,-2.8745072993000003
"studentcels, how was the first week of school?",[],[],[],,0.11,0.0,0.0,r/Incels,1, A student on a social media platform,-2.0263998701
"I'm not prejudiced, but when I hear about some crimes on the news, I just know it's going to be a Mexican.","[""latino/latina folks""]","[""race""]","[""deserve to be made fun of"", ""is inherently bad"", ""latinos are thieves"", ""mexicans are criminals"", ""mexicans commits most crimes""]",1.0,0.8866666666666667,0.0,1.0,redditMicroagressions,0, conversation with other non-Mexican people,-10.35502175916584
"When Sue kills herself, its suicide. When Reg kills himself, its regicide. When Genie kills herself, its Genocide. What is it called when a nigger kills himself? A problem that solves itself.","[""black folks""]","[""race""]","[""are worthless to society"", ""black folks  are not human"", ""black folks don't matter"", ""blacks are unwanted"", ""blacks are victims of shootings"", ""should all die""]",1.0,1.0,0.0,1.0,r/darkjokes,0, This statement is most likely said by a white person to another white person. It is a way to belittle the death of a black person and justify the racism that exists in society.,-22.26432100164567
Actually that's all I've got and I don't think tony even wears leather just black love my great eyesight,[],[],[],,0.0,0.0,0.0,t/founta,1, two friends talking about their dating lives,-6.0977627455
This was also in the first 2 ATV Offroad Fury games (I can't remember if it's in 3 and/or 4). One of my favorite things about those games.,[],[],[],,0.0,0.0,0.0,redditMicroagressions,1, gaming,-7.89766670195436
"If you think that turning a blind eyes to the destructive deeds of the Jews is what God wants because ""chosen people"" then you may be a church cuck. ","[""jewish folks""]","[""culture""]","[""jewish are evil"", ""jewish people are bad"", ""jewish people are liars"", ""jewish people are violent""]",1.0,1.0,0.0,1.0,Gab,0, online forum,-12.00607799
"Why do people keep saying @girlposts steals tweets?! Even if she does, leave her alone. No one asked for your opinion. &#128519;&#128521;",[],[],[],,0.0,0.0,0.0,t/founta,1," A Twitter user is being harassed by another Twitter user about stealing tweets, and the first user is asking people to leave her alone.",-15.057739517700998
wut spook me even more is its gon be dark when nigga drive outta hea..... im sick already,"[""black folks""]","[""race""]","[""black people are dangerous"", ""black people are niggas""]",1.0,0.33,0.0,0.5,t/davidson,0, text message,-10.11940619
I'll continue this thread till non-lifting fags stop lifting like idiots at the gym... Which is never.,"[""gay men""]","[""gender""]","[""are embarrassing to identify as"", ""are weak"", ""gay men are weak and not manly"", ""gay men should be called fags""]",1.0,1.0,0.0,1.0,t/founta,0," Conversation on an online forum about bodybuilding, where the speaker is angry about people who are not bodybuilders lifting weights",-10.714911507307999
"I'm a doctoral student in psychology and supervisor of student teachers. Today I was conducting an observation at a high school in a small town in Western Michigan. I introduced myself to the master teacher, a 50 something White woman, and she directed me to sit at the front of the class. Her:: Class, we have a visitor today who is observing our student teacher. Please welcome Mr...oh I forgot your last name. Me:: It's Barajas Her:: Ahh, that's why I forgot. Class, he said Smith, right?. Please welcome Mr. Smith. (Class erupts in laughter) Me:: Stunned silence.",[],[],[],0.0,0.6633333333333333,0.0,0.5,redditMicroagressions,1, A White person making a racist remark to a person of color,-8.183132820708
somewhere over the . <repeat> hoards of dead jews just after the auschwitz showers .,"[""jewish folks""]","[""culture""]","[""it's funny when they die"", ""jews are dead"", ""jews are useless"", ""the holocaust is a joke""]",1.0,0.8300000000000001,0.0,1.0,r/meanjokes,0, Holocaust,-6.032277273099999
An alt-right member walks into a bar An alt-left member gets rammed into one.,"[""liberals, conservatives""]","[""social""]","[""alt-left are weak"", ""alt-left can't fight"", ""alt-right is violent""]",1.0,0.66,0.0,1.0,r/darkjokes,0, Political cartoon,-5.2164839438
Man...E3 This year was actually accurate for once... ...EA said that Madden was getting more serious! I didn't believe them.,[],[],[],,0.0,0.0,0.0,r/darkjokes,1, gaming community,-11.730687417999999
.@Shermertron @HumanistFury Real question is do feminist liberal bigots understand that different rules for men/women is sexism @jennykutner,"[""liberals"", ""women""]","[""gender"", ""social""]","[""are bigots"", ""are feminists"", ""liberals are bigots"", ""liberals are idiots"", ""women who are feminists are bigots"", ""women who are feminists are less than""]",1.0,1.0,0.0,1.0,t/waseem,0, Twitter,-5.5905784150999995
Amazing how Congress only worries about bipartisanship when republicans hold the majority & the presidency.,"[""liberals""]","[""social""]","[""liberals are unfair"", ""liberals only think if themselves""]",1.0,0.33,0.0,1.0,Gab,0, political,-7.96082444581804
What's the difference between 28 underfed Somalian children and a Lamborghini? I don't have a Lamborghini in my garage.,"[""Somalia"", ""Somalians"", ""somalian children""]","[""culture""]","[""should be owned"", ""should be put in garages"", ""somalia is a backwards, primitive place"", ""somalians are all starving"", ""somalians are weak and frail"", ""somalians should be slaves""]",1.0,1.0,0.0,1.0,r/darkjokes,0, rich person making a poor person feel bad,-9.21729545936984
How can you tell that a man is well hung? You can't fit your finger between the rope and his neck.,"[""black folks""]","[""race""]","[""black men have big genitals"", ""blacks were hanged in civil war era days""]",1.0,1.0,0.0,1.0,r/darkjokes,0, a group of men joking around with each other,-17.811965517713
Going to the creek with my bitches tomorrow,[],[],[],0.0,0.22,0.0,0.5,t/davidson,1, hanging out with friends,-4.0424483609
"Even thought the wage gap has been debunked dozens of times, why is it that it still gets around in the minds of the majority of the population?",[],[],[],,0.11,0.0,0.0,r/MensRights,1, A conversation about the wage gap between men and women,-16.769476917676002
you 're about as useless as jpegs to helen keller .,[],[],[],0.0,0.66,0.0,1.0,r/meanjokes,1, online forum,-6.598186779700001
"what does shooting pool and mexicans have in common ? the harder you hit , the better the english .","[""latino/latina folks""]","[""race""]","[""are violent"", ""latino people can't speak english"", ""latino people should be abused"", ""mexicans are cheap labor"", ""mexicans are slaves"", ""pretend they can't speak english""]",1.0,1.0,0.0,1.0,r/meanjokes,0,,-5.362158449798
If life is just a simulation... Then people with Parkinson's just need to change their sensitivity,"[""folks with mental illness/disorder"", ""physically disabled folks""]","[""disabled""]","[""mentally disabled folks are crybabies"", ""mentally disabled folks are too sensitive"", ""need to change."", ""shake too much.""]",1.0,0.495,0.0,1.0,r/darkjokes,0, A conversation about people with disabilities,-6.061977125
nc recently took a substantial amount of money . <repeat> nc recently took a substantial amount of money out of its disaster relief funds in order to defend house bill <number> hurricane matthew is such a sjw <allcaps> that it killed <number> haitians to let nc know what the fuck is up .,"[""climate disaster victims"", ""sjws""]","[""social"", ""victim""]","[""makes fun of haitian victims of hurricane matthew"", ""sjws take from others to send a message"", ""sjws virtual signal""]",1.0,0.66,0.0,1.0,r/meanjokes,0,,-2.995501423
I like this sub how I like my women Dead.,"[""women""]","[""gender""]","[""women are better off dead"", ""women are just property"", ""women are more useful dead"", ""women are stupid"", ""women belong to men"", ""women deserve to be mistreated""]",1.0,0.8866666666666667,0.0,1.0,r/darkjokes,0,,-5.421309087835
What does a woman and a machine have in common? They start working properly if you give them a ‚Äútechnical tap‚Äù,"[""women""]","[""gender""]","[""women are like appliances"", ""women are stupid"", ""women are subservient machines"", ""women cant do things as good as a man""]",1.0,1.0,0.0,1.0,r/darkjokes,0, workplace,-7.87562801462436
"What do you say to a black man with a bike? ""Who's bike is that?""","[""black folks""]","[""race""]","[""are criminals"", ""are thieves"", ""black folks are criminals"", ""black folks are thieves"", ""black people are poor and can't afford anything."", ""black people like to steal from others""]",1.0,0.8866666666666667,0.0,1.0,r/meanjokes,0, A white person making a racist joke,-2.1329496839999997
"""New! The Ultimate Pizza Stone - 16"""" Round, 7/8"""" Thick, Premium Bread &amp; Pizza Cooking Stone for Oven.. https://t.co/fhkO3Rpayy""",[],[],[],,0.0,0.0,0.0,t/founta,1, Tweet about a pizza stone for sale,-3.7694734789000006
"So I decided to play a game called ""The Game of Life"" And I got spawn killed by choosing to spawn as a first born female in ""China"" server","[""China"", ""asian folks""]","[""culture"", ""race""]","[""are animals"", ""chinese don't value woman"", ""kills girls"", ""woman are less desirable to chinese""]",1.0,0.8300000000000001,0.0,1.0,r/darkjokes,0, Probably an online conversation with friends,-10.06812862
Handyman admits to killing at least 8 Mass. women Bookmark this story for the next time some ignorant apologist for Negro crime claims that only white men are serial killers .,"[""black folks""]","[""race""]","[""black folks commit a lot of crime."", ""black folks murder at a high rate."", ""black people accuse other races of being killers when they are also killers."", ""black people are also serial killers"", ""black people are criminals"", ""black people are violent""]",0.6666666666666666,0.8866666666666667,0.0,0.8333333333333334,Stormfront,0, news headline in 2019,-5.4529733647
what do you call a bunch of cripples in a hot tub ? vegetable stew,"[""physically disabled folks"", ""physically disabled folks, folks with physical illness/disorder"", ""physically disabled folks, folks with physical illness/disorder, folks with mental illness/disorder""]","[""disabled""]","[""crippled people cannot use their brains"", ""crippled people do not have worth"", ""disabled people are incapable"", ""disabled people are like vegetables because they can't move on their own"", ""disabled people are referred to as vegetables"", ""disabled people cant move around well"", ""those with disabilities are vegetables"", ""those with disorders are vegetables""]",1.0,0.5800000000000001,0.0,0.75,r/meanjokes,0, jokes,-9.26828490201804
This is my best female mechanic.,[],[],[],0.0,0.11,0.0,0.1666666666666666,redditMicroagressions,1, Work or business situation,-3.7570818108000004
"They see a Kurd dead on the road, in his pockets there were an onion and a loaf of bread, The other Kurds said: ""Why did he die? He had everything""","[""Kurds""]","[""culture""]","[""kurds are poor"", ""kurds have little amount of food""]",1.0,1.0,0.0,1.0,r/darkjokes,0," This statement is from a poem by Syrian poet Nizar Qabbani. It is about the Kurds, who are a people that have been persecuted for years.",-25.201067904061702
